src,dst,weight
0,2,11.0
0,3,1.0
0,18,8.0
0,20,2.0
0,23,2.0
0,25,7.0
0,26,2.0
0,27,9.0
0,30,2.0
0,32,15.0
0,34,1.0
1,0,2.0
1,18,1.0
1,23,1.0
1,25,6.0
1,26,2.0
1,27,3.0
1,30,2.0
1,32,3.0
1,34,1.0
2,0,171.0
2,3,90.0
2,5,1.0
2,6,2.0
2,7,2.0
2,8,3.0
2,9,8.0
2,13,2.0
2,14,7.0
2,15,10.0
2,16,10.0
2,17,33.0
2,18,11.0
2,19,2.0
2,20,6.0
2,22,1.0
2,23,2.0
2,25,315.0
2,26,86.0
2,27,54.0
2,29,4.0
2,32,225.0
2,33,6.0
2,35,1.0
2,37,3.0
2,38,7.0
2,39,8.0
2,40,11.0
5,0,2.0
5,14,5.0
5,25,5.0
5,32,8.0
6,0,1.0
6,14,2.0
6,15,1.0
6,32,3.0
6,39,1.0
7,0,1.0
7,6,2.0
7,14,2.0
7,32,5.0
8,0,1.0
9,0,4.0
9,13,1.0
9,18,1.0
9,32,5.0
10,0,1.0
10,32,2.0
11,0,1.0
11,3,1.0
12,2,1.0
12,3,1.0
12,25,3.0
12,26,3.0
12,32,2.0
13,0,2.0
13,32,1.0
14,0,3.0
14,32,8.0
15,0,2.0
15,2,2.0
15,3,2.0
15,6,2.0
15,32,5.0
16,0,1.0
16,32,7.0
17,2,3.0
17,32,1.0
18,0,8.0
18,3,2.0
18,17,1.0
18,22,4.0
18,25,8.0
18,32,9.0
19,32,6.0
20,0,11.0
20,18,10.0
20,21,1.0
20,23,10.0
20,24,2.0
20,32,32.0
21,23,2.0
22,32,2.0
24,0,1.0
24,17,1.0
24,18,3.0
24,32,2.0
25,0,4.0
25,3,2.0
25,10,1.0
25,14,2.0
25,26,6.0
25,32,4.0
26,25,4.0
28,0,6.0
28,1,1.0
28,2,1.0
28,3,1.0
28,14,1.0
28,18,2.0
28,23,1.0
28,25,4.0
28,26,3.0
28,27,9.0
28,30,1.0
28,32,15.0
28,34,2.0
28,39,2.0
29,0,3.0
29,2,2.0
29,3,2.0
29,11,2.0
29,12,2.0
29,18,2.0
29,25,14.0
29,26,4.0
29,32,2.0
29,33,4.0
29,37,3.0
30,0,3.0
30,2,1.0
30,18,1.0
30,23,1.0
30,25,8.0
30,26,7.0
30,27,3.0
30,32,7.0
31,0,4.0
31,1,1.0
31,4,3.0
31,18,2.0
31,23,1.0
31,25,2.0
31,26,1.0
31,27,2.0
31,30,1.0
31,32,10.0
31,34,1.0
32,0,7.0
32,3,3.0
32,18,1.0
32,27,3.0
34,32,4.0
35,32,1.0
36,2,2.0
36,25,6.0
37,0,2.0
37,32,5.0
38,0,2.0
38,25,8.0
38,32,6.0
38,40,3.0
39,0,3.0
39,2,1.0
39,3,2.0
39,25,1.0
39,32,2.0
39,36,1.0
40,0,4.0
40,25,6.0
40,26,6.0
40,27,1.0
40,32,7.0
