node_id,name,Ab,In,D,FI,FO,LOC,PR,CD,UD,AI,GC,FC,SF,label_mask,atdi,n_units
0,org.owasp.dependencycheck,0.15384615384615385,0.14351851851851852,0.7026353276353277,26.0,11.0,1975.0,0.11579980628185799,1,1,0,0,0,0,1,452.6341366694879,13
1,org.owasp.dependencycheck.agent,0.0,0.8947368421052632,0.10526315789473684,2.0,9.0,284.0,0.007803525798902929,0,0,0,0,0,0,1,0.0,2
2,org.owasp.dependencycheck.analyzer,0.0703125,0.8677685950413223,0.06191890495867769,10.0,28.0,12282.0,0.03703155229493101,1,0,0,1,0,0,1,1013.7941768476844,128
3,org.owasp.dependencycheck.analyzer.exception,0.0,0.0,1.0,11.0,0.0,32.0,0.07278038773810512,0,0,0,0,0,0,1,0.0,5
4,org.owasp.dependencycheck.ant.logging,0.0,0.0,1.0,1.0,0.0,292.0,0.007387183950132859,0,0,0,0,0,0,1,0.0,5
5,org.owasp.dependencycheck.data.artifactory,0.0,0.9,0.09999999999999998,1.0,4.0,623.0,0.007981462814473355,1,0,0,0,1,0,1,21.960325446693833,8
6,org.owasp.dependencycheck.data.cache,0.0,0.6666666666666666,0.33333333333333337,3.0,5.0,94.0,0.011362779137186346,1,0,0,0,0,0,1,32.957923946674036,3
7,org.owasp.dependencycheck.data.central,0.0,0.8181818181818182,0.18181818181818177,1.0,4.0,151.0,0.007981462814473355,1,0,0,0,0,0,1,22.061113726770348,2
8,org.owasp.dependencycheck.data.composer,0.0,0.5,0.5,1.0,1.0,117.0,0.007981462814473355,0,0,0,0,0,0,1,5.475187166714102,4
9,org.owasp.dependencycheck.data.cpe,0.2222222222222222,0.7,0.07777777777777783,1.0,4.0,280.0,0.007981462814473355,1,0,0,0,1,0,1,22.061113726770348,9
10,org.owasp.dependencycheck.data.cwe,0.0,0.75,0.25,1.0,2.0,101.0,0.017088869778113348,1,0,0,0,0,0,1,11.939323759058547,4
11,org.owasp.dependencycheck.data.elixir,0.0,0.6666666666666666,0.33333333333333337,1.0,2.0,112.0,0.007474048910904453,0,0,0,0,0,0,1,5.46144999996774,3
12,org.owasp.dependencycheck.data.golang,0.0,0.9090909090909091,0.09090909090909094,1.0,5.0,783.0,0.007474048910904453,0,0,0,0,0,0,1,22.40691984596273,3
13,org.owasp.dependencycheck.data.lucene,0.14285714285714285,0.5,0.3571428571428572,2.0,2.0,422.0,0.009677537927290484,1,0,0,0,1,0,1,16.498875446726096,14
14,org.owasp.dependencycheck.data.nexus,0.14285714285714285,0.23809523809523808,0.6190476190476191,6.0,2.0,343.0,0.02395321080686481,1,0,0,0,0,0,1,34.101225765905404,7
15,org.owasp.dependencycheck.data.nodeaudit,0.0,0.6666666666666666,0.33333333333333337,2.0,5.0,460.0,0.009913143278772636,1,1,0,0,1,0,1,21.954480938138765,6
16,org.owasp.dependencycheck.data.nuget,0.0,0.5,0.5,1.0,2.0,296.0,0.007981462814473355,1,0,0,0,0,0,1,10.936637166681841,11
17,org.owasp.dependencycheck.data.nvd.ecosystem,0.07142857142857142,0.07894736842105263,0.849624060150376,3.0,2.0,380.0,0.01790712329588922,1,1,0,0,0,0,1,18.678357552784252,14
18,org.owasp.dependencycheck.data.nvdcve,0.0,0.3829787234042553,0.6170212765957447,11.0,6.0,1992.0,0.05618071345810312,1,0,0,0,0,0,1,65.08359583963815,16
19,org.owasp.dependencycheck.data.ossindex,0.0,0.6666666666666666,0.33333333333333337,1.0,1.0,177.0,0.007981462814473355,1,0,0,0,0,0,1,5.46144999996774,4
20,org.owasp.dependencycheck.data.update,0.16666666666666666,0.75,0.08333333333333337,2.0,6.0,1072.0,0.016929531619381707,1,1,0,0,1,0,1,49.56659334740931,12
21,org.owasp.dependencycheck.data.update.cisa,0.0,0.6666666666666666,0.33333333333333337,1.0,1.0,40.0,0.009255689621668658,0,0,0,0,0,0,1,0.0,2
22,org.owasp.dependencycheck.data.update.cpe,0.0,0.2,0.8,2.0,1.0,105.0,0.01594027150354445,1,0,0,0,0,0,1,12.006127002363089,3
23,org.owasp.dependencycheck.data.update.exception,0.0,0.0,1.0,8.0,0.0,21.0,0.030736768995783436,0,0,0,0,0,0,1,0.0,3
24,org.owasp.dependencycheck.data.update.nvd.api,0.16666666666666666,0.8333333333333334,0.0,1.0,4.0,171.0,0.009255689621668658,1,0,0,0,0,0,1,25.968993172532663,6
25,org.owasp.dependencycheck.dependency,0.0,0.06875,0.93125,16.0,6.0,1391.0,0.07222272935393588,1,1,0,0,0,0,1,125.71006055695135,16
26,org.owasp.dependencycheck.dependency.naming,0.2,0.015873015873015872,0.7841269841269841,10.0,1.0,239.0,0.0342350918719344,1,1,0,0,0,0,1,41.70907026518809,5
27,org.owasp.dependencycheck.exception,0.0,0.0,1.0,8.0,0.0,126.0,0.05114782731905691,0,0,0,0,1,0,1,0.0,8
28,org.owasp.dependencycheck.maven,0.125,1.0,0.125,0.0,14.0,1805.0,0.006857294324425498,0,0,0,0,0,0,1,0.0,16
29,org.owasp.dependencycheck.processing,0.0,0.8571428571428571,0.1428571428571429,1.0,11.0,264.0,0.007981462814473355,0,0,0,0,0,0,1,64.80406696640416,4
30,org.owasp.dependencycheck.reporting,0.0,0.7931034482758621,0.2068965517241379,4.0,8.0,710.0,0.017488601466279417,1,0,0,0,1,0,1,32.98788316371744,6
31,org.owasp.dependencycheck.taskdefs,0.0,1.0,0.0,0.0,11.0,709.0,0.006857294324425498,0,0,0,0,1,0,1,0.0,6
32,org.owasp.dependencycheck.utils,0.05172413793103448,0.03804347826086957,0.9102323838080959,30.0,4.0,3136.0,0.1366206367448089,1,1,0,1,1,0,1,162.3057145765088,58
33,org.owasp.dependencycheck.utils.processing,0.5,0.0,0.5,2.0,0.0,50.0,0.008598217400952311,0,0,0,0,0,0,1,0.0,2
34,org.owasp.dependencycheck.utils.scarf,0.0,0.375,0.625,4.0,1.0,42.0,0.017488601466279414,1,0,0,0,0,0,1,6.0395272579021215,2
35,org.owasp.dependencycheck.utils.search,0.0,0.5,0.5,1.0,1.0,41.0,0.007981462814473355,1,0,0,0,0,0,1,5.52117850770375,2
36,org.owasp.dependencycheck.xml,0.0,0.0,1.0,2.0,2.0,439.0,0.01026357085809074,0,0,0,0,0,0,1,11.158771436230033,4
37,org.owasp.dependencycheck.xml.assembly,0.0,0.5,0.5,2.0,2.0,216.0,0.008598217400952311,1,0,0,0,1,0,1,16.39808716664958,7
38,org.owasp.dependencycheck.xml.hints,0.0,0.75,0.25,1.0,4.0,501.0,0.007981462814473355,1,0,0,0,1,0,1,21.960325446693833,10
39,org.owasp.dependencycheck.xml.pom,0.0,0.5384615384615384,0.46153846153846156,3.0,6.0,680.0,0.010329485127542707,1,1,0,0,0,0,1,39.15003558833218,12
40,org.owasp.dependencycheck.xml.suppression,0.0,0.5652173913043478,0.4347826086956522,2.0,5.0,943.0,0.009677537927290484,1,0,0,0,1,0,1,27.703992683599044,10
